{
    "particles":{
        "number":{
            "value":300
        },
        "color":{
            "value": "random"
        },                     
        "shape":{
            "type":"star",
            "stroke":{
                "width":0
            }
        },
        "opacity":{
            "value":1,
            "random":false
        },
        "size":{
            "value":4,
			"random":true,
			"anim":{
			"enable":true,
				"speed":2,
				"size_min":0.1,
				"sync":false
			}
        },
        "line_linked":{
            "enable":false,
            "distance":110,
			"width":0.5
        },
        "move":{
            "enable":true,
            "speed":2
        }
    }
}